use "C3Q5____";
DROP TABLE GC_INGREDIENT;
DROP TABLE GC_COCKTAIL;
DROP TABLE GC_BOISSON;
CREATE TABLE GC_COCKTAIL(OIDCOCKTAIL BIGINT NOT NULL PRIMARY KEY,NOM VARCHAR(50) NOT NULL,PRIXVENTE DECIMAL(4,2) DEFAULT '0.0' NOT NULL);
CREATE TABLE GC_BOISSON(OIDBOISSON BIGINT NOT NULL PRIMARY KEY IDENTITY(1,1),NOM VARCHAR(50) NOT NULL,TAUXALCOOL NUMERIC(2,2) NOT NULL);
CREATE TABLE GC_INGREDIENT(OIDINGREDIENT BIGINT NOT NULL PRIMARY KEY,QUANTITEML INTEGER NOT NULL,OIDCOCKTAIL BIGINT,OIDBOISSON BIGINT,CONSTRAINT SYS_FK_1 FOREIGN KEY(OIDCOCKTAIL) REFERENCES GC_COCKTAIL(OIDCOCKTAIL) on delete cascade,CONSTRAINT SYS_FK_2 FOREIGN KEY(OIDBOISSON) REFERENCES GC_BOISSON(OIDBOISSON));
INSERT INTO GC_COCKTAIL VALUES(51,'Matrix',3.75);
INSERT INTO GC_COCKTAIL VALUES(52,'Malaise grec',0.00);
INSERT INTO GC_COCKTAIL VALUES(53,'Paradise',4.25);
INSERT INTO GC_COCKTAIL VALUES(54,'Far west',3.75);
INSERT INTO GC_COCKTAIL VALUES(55,'Ptit Quebec',2.75);
INSERT INTO GC_COCKTAIL VALUES(56,'Russian Drive',5.75);
SET IDENTITY_INSERT GC_BOISSON ON;
INSERT INTO GC_BOISSON (OIDBOISSON,NOM,TAUXALCOOL) VALUES(1,'Abricot Brandy',0.2);
INSERT INTO GC_BOISSON (OIDBOISSON,NOM,TAUXALCOOL)VALUES(2,'Angostura',0.4);
INSERT INTO GC_BOISSON (OIDBOISSON,NOM,TAUXALCOOL)VALUES(3,'Benedictine',0.4);
INSERT INTO GC_BOISSON (OIDBOISSON,NOM,TAUXALCOOL)VALUES(4,'Byhrr',0.4);
INSERT INTO GC_BOISSON (OIDBOISSON,NOM,TAUXALCOOL)VALUES(5,'Calvados',0.4);
INSERT INTO GC_BOISSON (OIDBOISSON,NOM,TAUXALCOOL)VALUES(6,'Cognac',0.4);
INSERT INTO GC_BOISSON (OIDBOISSON,NOM,TAUXALCOOL)VALUES(7,'Coca cola',0.0);
INSERT INTO GC_BOISSON (OIDBOISSON,NOM,TAUXALCOOL)VALUES(8,'Chartreuse jaune',0.4);
INSERT INTO GC_BOISSON (OIDBOISSON,NOM,TAUXALCOOL)VALUES(9,'Curacao Triple Sec',0.15);
INSERT INTO GC_BOISSON (OIDBOISSON,NOM,TAUXALCOOL)VALUES(10,'Curacao Bleu',0.4);
INSERT INTO GC_BOISSON (OIDBOISSON,NOM,TAUXALCOOL)VALUES(11,'Eau-de-vie de vin',0.4);
INSERT INTO GC_BOISSON (OIDBOISSON,NOM,TAUXALCOOL)VALUES(12,'Eau de Seltz',0.0);
INSERT INTO GC_BOISSON (OIDBOISSON,NOM,TAUXALCOOL)VALUES(13,'Gin',0.4);
INSERT INTO GC_BOISSON (OIDBOISSON,NOM,TAUXALCOOL)VALUES(14,'Jus Orange',0.0);
INSERT INTO GC_BOISSON (OIDBOISSON,NOM,TAUXALCOOL)VALUES(15,'Jus Citron',0.0);
INSERT INTO GC_BOISSON (OIDBOISSON,NOM,TAUXALCOOL)VALUES(16,'Kirsh',0.4);
INSERT INTO GC_BOISSON (OIDBOISSON,NOM,TAUXALCOOL)VALUES(17,'Liqueur menthe',0.3);
INSERT INTO GC_BOISSON (OIDBOISSON,NOM,TAUXALCOOL)VALUES(18,'Liqueur Orange',0.3);
INSERT INTO GC_BOISSON (OIDBOISSON,NOM,TAUXALCOOL)VALUES(19,'Liqueur Cafe',0.3);
INSERT INTO GC_BOISSON (OIDBOISSON,NOM,TAUXALCOOL)VALUES(20,'Porto',0.17);
INSERT INTO GC_BOISSON (OIDBOISSON,NOM,TAUXALCOOL)VALUES(21,'Rhum blanc',0.4);
INSERT INTO GC_BOISSON (OIDBOISSON,NOM,TAUXALCOOL)VALUES(22,'Sirop de grenadine',0.0);
INSERT INTO GC_BOISSON (OIDBOISSON,NOM,TAUXALCOOL)VALUES(23,'Vermouth dry',0.17);
INSERT INTO GC_BOISSON (OIDBOISSON,NOM,TAUXALCOOL)VALUES(24,'Vermouth rouge',0.17);
INSERT INTO GC_BOISSON (OIDBOISSON,NOM,TAUXALCOOL)VALUES(25,'Vin rouge',0.12);
INSERT INTO GC_BOISSON (OIDBOISSON,NOM,TAUXALCOOL)VALUES(26,'Vodka',0.4);
INSERT INTO GC_BOISSON (OIDBOISSON,NOM,TAUXALCOOL)VALUES(27,'Whisky',0.4);
INSERT INTO GC_BOISSON (OIDBOISSON,NOM,TAUXALCOOL)VALUES(28,'Xeres',0.12);
SET IDENTITY_INSERT GC_BOISSON OFF;
INSERT INTO GC_INGREDIENT VALUES(71,10,51,8);
INSERT INTO GC_INGREDIENT VALUES(72,20,51,13);
INSERT INTO GC_INGREDIENT VALUES(73,30,51,28);
INSERT INTO GC_INGREDIENT VALUES(74,15,52,12);
INSERT INTO GC_INGREDIENT VALUES(75,5,52,21);
INSERT INTO GC_INGREDIENT VALUES(76,1,53,1);
INSERT INTO GC_INGREDIENT VALUES(77,3,53,9);
INSERT INTO GC_INGREDIENT VALUES(78,5,53,18);
INSERT INTO GC_INGREDIENT VALUES(79,8,54,27);
INSERT INTO GC_INGREDIENT VALUES(80,10,54,12);
INSERT INTO GC_INGREDIENT VALUES(81,12,54,8);
INSERT INTO GC_INGREDIENT VALUES(82,15,54,22);
INSERT INTO GC_INGREDIENT VALUES(83,16,55,13);
INSERT INTO GC_INGREDIENT VALUES(84,18,55,23);
INSERT INTO GC_INGREDIENT VALUES(85,21,55,24);
INSERT INTO GC_INGREDIENT VALUES(86,24,55,12);
INSERT INTO GC_INGREDIENT VALUES(87,25,56,26);
INSERT INTO GC_INGREDIENT VALUES(88,26,56,4);
